{
    "$schema": "https://schema.management.azure.com/schemas/2019-04-01/deploymentTemplate.json#",
    "contentVersion": "1.0.0.0",
    "parameters": {
        "virtualMachines_ahmed_name": {
            "defaultValue": "ahmed",
            "type": "String"
        },
        "disks_ahmed_OsDisk_1_cf5f4c38d6e741e49c629072a084641b_externalid": {
            "defaultValue": "/subscriptions/d9d1bf36-5d6b-46ae-a9c6-8bf576b6b930/resourceGroups/Ahmed.Mortada/providers/Microsoft.Compute/disks/ahmed_OsDisk_1_cf5f4c38d6e741e49c629072a084641b",
            "type": "String"
        },
        "networkInterfaces_ahmed373_externalid": {
            "defaultValue": "/subscriptions/d9d1bf36-5d6b-46ae-a9c6-8bf576b6b930/resourceGroups/Ahmed.Mortada/providers/Microsoft.Network/networkInterfaces/ahmed373",
            "type": "String"
        }
    },
    "variables": {},
    "resources": [
        {
            "type": "Microsoft.Compute/virtualMachines",
            "apiVersion": "2024-07-01",
            "name": "[parameters('virtualMachines_ahmed_name')]",
            "location": "westus",
            "tags": {
                "Ahmed": "ResourceGroup"
            },
            "properties": {
                "hardwareProfile": {
                    "vmSize": "Standard_DS1_v2"
                },
                "additionalCapabilities": {
                    "hibernationEnabled": false
                },
                "storageProfile": {
                    "imageReference": {
                        "publisher": "MicrosoftWindowsServer",
                        "offer": "WindowsServer",
                        "sku": "2019-datacenter-gensecond",
                        "version": "latest"
                    },
                    "osDisk": {
                        "osType": "Windows",
                        "name": "[concat(parameters('virtualMachines_ahmed_name'), '_OsDisk_1_cf5f4c38d6e741e49c629072a084641b')]",
                        "createOption": "FromImage",
                        "caching": "ReadWrite",
                        "managedDisk": {
                            "storageAccountType": "Premium_LRS",
                            "id": "[parameters('disks_ahmed_OsDisk_1_cf5f4c38d6e741e49c629072a084641b_externalid')]"
                        },
                        "deleteOption": "Delete",
                        "diskSizeGB": 127
                    },
                    "dataDisks": [],
                    "diskControllerType": "SCSI"
                },
                "osProfile": {
                    "computerName": "[parameters('virtualMachines_ahmed_name')]",
                    "adminUsername": "[parameters('virtualMachines_ahmed_name')]",
                    "windowsConfiguration": {
                        "provisionVMAgent": true,
                        "enableAutomaticUpdates": true,
                        "patchSettings": {
                            "patchMode": "AutomaticByOS",
                            "assessmentMode": "ImageDefault",
                            "enableHotpatching": false
                        }
                    },
                    "secrets": [],
                    "allowExtensionOperations": true,
                    "requireGuestProvisionSignal": true
                },
                "networkProfile": {
                    "networkInterfaces": [
                        {
                            "id": "[parameters('networkInterfaces_ahmed373_externalid')]",
                            "properties": {
                                "deleteOption": "Detach"
                            }
                        }
                    ]
                },
                "diagnosticsProfile": {
                    "bootDiagnostics": {
                        "enabled": true
                    }
                },
                "priority": "Spot",
                "evictionPolicy": "Deallocate",
                "billingProfile": {
                    "maxPrice": -1
                }
            }
        }
    ]
}