{
    "$schema": "https://schema.management.azure.com/schemas/2019-04-01/deploymentTemplate.json#",
    "contentVersion": "1.0.0.0",
    "parameters": {
        "networkSecurityGroups_ahmedmortada_name": {
            "defaultValue": "ahmedmortada",
            "type": "String"
        }
    },
    "variables": {},
    "resources": [
        {
            "type": "Microsoft.Network/networkSecurityGroups",
            "apiVersion": "2024-03-01",
            "name": "[parameters('networkSecurityGroups_ahmedmortada_name')]",
            "location": "westeurope",
            "tags": {
                "Ahmed": "ResourceGroup"
            },
            "properties": {
                "securityRules": []
            }
        }
    ]
}